index,t,Psi,|zeta|^2,U_term^2,b,U,C,J_calc,log10_Psi
100000,74920.827,6.89E-22,6.89E-22,3.12E-28,22476.248,0.577216,314159.265,0.091867,-21.16
100001,74921.93,9.66E-21,9.66E-21,3.12E-28,22476.579,0.577216,314163.88,0.091867,-20.02
100002,74922.594,4.02E-22,4.02E-22,3.12E-28,22476.778,0.577216,314166.64,0.091867,-21.4
1000000,600269.677,5.57E-20,5.57E-20,3.12E-28,180080.903,0.577216,2513274.12,0.091867,-19.25
1000001,600270.301,8.50E-20,8.50E-20,3.12E-28,180081.09,0.577216,2513277.73,0.091867,-19.07
1000002,600270.748,1.38E-20,1.38E-20,3.12E-28,180081.224,0.577216,2513279.99,0.091867,-19.86
